Workbook

Sheet Summary
A1: Zamboni Engine Test Plan -- Pass/Fail Summary
A2: Mark each row on the 'Test Cases' sheet as Pass, Fail, or N/A (dropdown in the Pass/Fail column). The numbers below update by themselves.
A4: Category | B4: Total | C4: Passed | D4: Failed | E4: Not Tested Yet | F4: Pass Rate
A5: ALL TESTS | B5: =COUNTA('Test Cases'!A2:A126) | C5: =COUNTIF('Test Cases'!$I$2:$I$126,"Pass") | D5: =COUNTIF('Test Cases'!$I$2:$I$126,"Fail") | E5: =B5-C5-D5 | F5: =IF((C5+D5)=0,"",C5/(C5+D5))
A6: Smoke Test | B6: =COUNTIF('Test Cases'!$B$2:$B$126,$A6) | C6: =COUNTIFS('Test Cases'!$B$2:$B$126,$A6,'Test Cases'!$I$2:$I$126,"Pass") | D6: =COUNTIFS('Test Cases'!$B$2:$B$126,$A6,'Test Cases'!$I$2:$I$126,"Fail") | E6: =B6-C6-D6 | F6: =IF((C6+D6)=0,"",C6/(C6+D6))
A7: Table Registration | B7: =COUNTIF('Test Cases'!$B$2:$B$126,$A7) | C7: =COUNTIFS('Test Cases'!$B$2:$B$126,$A7,'Test Cases'!$I$2:$I$126,"Pass") | D7: =COUNTIFS('Test Cases'!$B$2:$B$126,$A7,'Test Cases'!$I$2:$I$126,"Fail") | E7: =B7-C7-D7 | F7: =IF((C7+D7)=0,"",C7/(C7+D7))
A8: Policy Config | B8: =COUNTIF('Test Cases'!$B$2:$B$126,$A8) | C8: =COUNTIFS('Test Cases'!$B$2:$B$126,$A8,'Test Cases'!$I$2:$I$126,"Pass") | D8: =COUNTIFS('Test Cases'!$B$2:$B$126,$A8,'Test Cases'!$I$2:$I$126,"Fail") | E8: =B8-C8-D8 | F8: =IF((C8+D8)=0,"",C8/(C8+D8))
A9: Gate 0 (Conflict + Lock) | B9: =COUNTIF('Test Cases'!$B$2:$B$126,$A9) | C9: =COUNTIFS('Test Cases'!$B$2:$B$126,$A9,'Test Cases'!$I$2:$I$126,"Pass") | D9: =COUNTIFS('Test Cases'!$B$2:$B$126,$A9,'Test Cases'!$I$2:$I$126,"Fail") | E9: =B9-C9-D9 | F9: =IF((C9+D9)=0,"",C9/(C9+D9))
A10: Gate 1 (Control-M) | B10: =COUNTIF('Test Cases'!$B$2:$B$126,$A10) | C10: =COUNTIFS('Test Cases'!$B$2:$B$126,$A10,'Test Cases'!$I$2:$I$126,"Pass") | D10: =COUNTIFS('Test Cases'!$B$2:$B$126,$A10,'Test Cases'!$I$2:$I$126,"Fail") | E10: =B10-C10-D10 | F10: =IF((C10+D10)=0,"",C10/(C10+D10))
A11: Gate 2 (Window) | B11: =COUNTIF('Test Cases'!$B$2:$B$126,$A11) | C11: =COUNTIFS('Test Cases'!$B$2:$B$126,$A11,'Test Cases'!$I$2:$I$126,"Pass") | D11: =COUNTIFS('Test Cases'!$B$2:$B$126,$A11,'Test Cases'!$I$2:$I$126,"Fail") | E11: =B11-C11-D11 | F11: =IF((C11+D11)=0,"",C11/(C11+D11))
A12: Circuit Breaker | B12: =COUNTIF('Test Cases'!$B$2:$B$126,$A12) | C12: =COUNTIFS('Test Cases'!$B$2:$B$126,$A12,'Test Cases'!$I$2:$I$126,"Pass") | D12: =COUNTIFS('Test Cases'!$B$2:$B$126,$A12,'Test Cases'!$I$2:$I$126,"Fail") | E12: =B12-C12-D12 | F12: =IF((C12+D12)=0,"",C12/(C12+D12))
A13: Idempotency | B13: =COUNTIF('Test Cases'!$B$2:$B$126,$A13) | C13: =COUNTIFS('Test Cases'!$B$2:$B$126,$A13,'Test Cases'!$I$2:$I$126,"Pass") | D13: =COUNTIFS('Test Cases'!$B$2:$B$126,$A13,'Test Cases'!$I$2:$I$126,"Fail") | E13: =B13-C13-D13 | F13: =IF((C13+D13)=0,"",C13/(C13+D13))
A14: HK Engine | B14: =COUNTIF('Test Cases'!$B$2:$B$126,$A14) | C14: =COUNTIFS('Test Cases'!$B$2:$B$126,$A14,'Test Cases'!$I$2:$I$126,"Pass") | D14: =COUNTIFS('Test Cases'!$B$2:$B$126,$A14,'Test Cases'!$I$2:$I$126,"Fail") | E14: =B14-C14-D14 | F14: =IF((C14+D14)=0,"",C14/(C14+D14))
A15: Backpressure | B15: =COUNTIF('Test Cases'!$B$2:$B$126,$A15) | C15: =COUNTIFS('Test Cases'!$B$2:$B$126,$A15,'Test Cases'!$I$2:$I$126,"Pass") | D15: =COUNTIFS('Test Cases'!$B$2:$B$126,$A15,'Test Cases'!$I$2:$I$126,"Fail") | E15: =B15-C15-D15 | F15: =IF((C15+D15)=0,"",C15/(C15+D15))
A16: Archival Engine | B16: =COUNTIF('Test Cases'!$B$2:$B$126,$A16) | C16: =COUNTIFS('Test Cases'!$B$2:$B$126,$A16,'Test Cases'!$I$2:$I$126,"Pass") | D16: =COUNTIFS('Test Cases'!$B$2:$B$126,$A16,'Test Cases'!$I$2:$I$126,"Fail") | E16: =B16-C16-D16 | F16: =IF((C16+D16)=0,"",C16/(C16+D16))
A17: Lifecycle Engine | B17: =COUNTIF('Test Cases'!$B$2:$B$126,$A17) | C17: =COUNTIFS('Test Cases'!$B$2:$B$126,$A17,'Test Cases'!$I$2:$I$126,"Pass") | D17: =COUNTIFS('Test Cases'!$B$2:$B$126,$A17,'Test Cases'!$I$2:$I$126,"Fail") | E17: =B17-C17-D17 | F17: =IF((C17+D17)=0,"",C17/(C17+D17))
... A23: EC2 / Deploy | B23: =COUNTIF('Test Cases'!$B$2:$B$126,$A23) | C23: =COUNTIFS('Test Cases'!$B$2:$B$126,$A23,'Test Cases'!$I$2:$I$126,"Pass") | D23: =COUNTIFS('Test Cases'!$B$2:$B$126,$A23,'Test Cases'!$I$2:$I$126,"Fail") | E23: =B23-C23-D23 | F23: =IF((C23+D23)=0,"",C23/(C23+D23))

Sheet Test Cases
A1: ID | B1: Category | C1: Test Case | D1: What This Checks | E1: Before You Start | F1: Steps | G1: What Should Happen | H1: Environment | I1: Pass/Fail | J1: Notes
A2: SMK-01 | B2: Smoke Test | C2: AWS smoke test passes (aws_local) | D2: Checks that Zamboni can reach every AWS service it needs (Glue, Athena, S3, SNS, DynamoDB) plus its own database. | E2: .env.aws_local is set up. You have run aws sso login (or the setup script). | F2: Run: python scripts/aws_smoke_test.py --create-lock-table --init-control-plane-db | G2: All 8 checks say PASS. Exit code is 0. Last line says 'All checks PASSED or SKIPPED cleanly.' | H2: aws_local
A3: SMK-02 | B3: Smoke Test | C3: AWS smoke test passes on the real EC2 server | D3: Same checks as SMK-01, run from the real EC2 server using its own permissions. | E3: App is deployed to EC2. The .env file points the database at /data/zamboni/zamboni_control.db. | F3: Log into the server (SSM or SSH). Run: cd /opt/zamboni && .venv/bin/python scripts/aws_smoke_test.py --json | G3: The database check passes because the path starts with /data/zamboni, not /opt/zamboni. All other checks pass too. | H3: aws_ec2
A4: SMK-03 | B4: Smoke Test | C4: Smoke test blocks a database path inside /opt/zamboni | D4: Checks that Zamboni refuses to start if its database is stored in a folder that gets wiped on every deploy. | E4: Running on EC2. | F4: In the shell only (do not edit the real .env file), set: ZAMBONI_CONTROL_PLANE_DB=/opt/zamboni/zamboni_control.db Then run: python scripts/aws_smoke_test.py Undo the change afterward. | G4: The database check FAILS with a clear warning about /opt/zamboni. The whole command exits with an error. | H4: aws_ec2
A5: SMK-04 | B5: Smoke Test | C5: Lock table creation is safe to repeat | D5: Checks that the lock table (stops two jobs touching the same table at once) is created safely, and running the setup twice does not break anything. | E5: None. | F5: Run: python scripts/aws_smoke_test.py --create-lock-table Run it again a second time. Then: aws dynamodb describe-table --table-name zamboni_maintenance_locks | G5: The table exists with the right key and a TTL setting. The second run just says it already exists. | H5: Both
A6: SMK-05 | B6: Smoke Test | C6: Old leftover AWS keys don't block real login | D6: Checks that an old, expired AWS key sitting in your terminal does not stop Zamboni from using your real login. | E6: Working from a laptop (aws_local mode). | F6: Set a fake/old AWS_ACCESS_KEY_ID and AWS_SECRET_ACCESS_KEY in your shell. Run: python scripts/aws_smoke_test.py | G6: The identity check still PASSES, using your real SSO login, not the old fake keys. | H6: aws_local
A7: SMK-06 | B7: Smoke Test | C7: Database setup can run more than once safely | D7: Checks that setting up the database is safe to run again without causing errors. | E7: None. | F7: Run: python scripts/init_control_plane_db.py Run it again right after. | G7: First run says some updates were applied. Second run says 0 new updates and confirms everything looks correct. | H7: Both
A8: REG-01 | B8: Table Registration | C8: Discover finds only real Iceberg tables | D8: Checks that scanning a database only picks up real Iceberg tables and skips other table types. | E8: A Glue database with at least one Iceberg table (use the test-table script if you don't have one). | F8: Run: python -m engine.cli.register discover --db <database> --out test_manifest.yaml | G8: The counts on screen are correct. The output file lists only the Iceberg tables, each with sensible defaults. | H8: Both
A9: REG-02 | B9: Table Registration | C9: Bulk register dry run changes nothing | D9: Checks that a dry run of bulk registration does not change the database. | E9: You have the file from REG-01. | F9: Run: python -m engine.cli.register bulk --manifest test_manifest.yaml (dry run is the default). Then check: SELECT COUNT(*) FROM stream_registry WHERE table_fqn LIKE 'glue_catalog.<db>.%' | G9: Screen shows 'DRY RUN' for each table. No new rows appear in the database. | H9: Both
A10: REG-03 | B10: Table Registration | C10: Bulk register for real saves the tables | D10: Checks that a real (non-dry-run) bulk registration actually saves the tables and applies a policy. | E10: REG-02 is done. | F10: Run: python -m engine.cli.register bulk --manifest test_manifest.yaml --no-dry-run (confirm yes). Check stream_registry and hk_config for the new tables. | G10: Screen shows 'REGISTERED'. Each table now has one row in stream_registry and one matching row in hk_config. | H10: Both
A11: REG-04 | B11: Table Registration | C11: Registering the same table twice does not duplicate it | D11: Checks that registering the same table twice does not create duplicate rows. | E11: REG-03 is done. | F11: Run the exact same command again: python -m engine.cli.register bulk --manifest test_manifest.yaml --no-dry-run | G11: Screen shows 'SKIP (already registered)' for every table. No extra rows are added. | H11: Both
A12: REG-05 | B12: Table Registration | C12: Registering one table picks a sensible policy automatically | D12: Checks that registering one table on its own picks a sensible policy template automatically. | E12: A table Glue knows about that Zamboni hasn't registered yet. | F12: Run: python -m engine.cli.register single --table <fqn> --domain <domain> --layer staging --tier standard --no-dry-run | G12: Screen shows the template it picked. hk_config has a row with that template's settings. | H12: Both
A13: REG-06 | B13: Table Registration | C13: Status command matches reality | D13: Checks that the status command accurately shows what's registered and what isn't. | E13: A database with some tables registered and some not. | F13: Run: python -m engine.cli.register status --db <database> | G13: 'Registered' and 'Unregistered' counts add up to the real number of Iceberg tables. The unregistered list is correct. | H13: Both
... A126: EC2-06 | B126: EC2 / Deploy | C126: A second deploy does not wipe out saved data | D126: Checks that redeploying the app a second time does not wipe out the saved data. | E126: At least one deploy already done, with test data saved. | F126: Check the server's settings file for the database path. Trigger a second deploy. Check the app again for the earlier test data. | G126: The database path points outside the folder that gets wiped on deploy. All earlier test data is still there after the second deploy. | H126: aws_ec2
